name,corp,city,salary,pub_date
Python开发工程师,北京爸爸的选择科技有限公司,北京-朝阳区,1.2-2.4万/月,03-04
中级研发工程师（Python）,南京高泰科技有限公司,北京-石景山区,1.5-2万/月,03-04
Python开发工程师,北京流体网络科技有限公司,北京-朝阳区,2-2.5万/月,03-04
Python研发工程师（房山良乡，苏庄地铁站附近）,北京凤凰学易科技有限公司,北京-房山区,2-4万/月,03-04
昌平高薪诚聘Python人工智能讲师,北京学神科技有限公司,北京-昌平区,1-1.5万/月,03-04
软件开发工程师(python/c++)-NDS,北京四维图新科技股份有限公司,北京-海淀区,0.8-1万/月,03-04
python/go开发,上海秀可得企业管理咨询有限公司,北京-朝阳区,2-4.5万/月,03-04
Python爬虫开发工程师(J10490),北京天融信科技有限公司,异地招聘,0.8-1万/月,03-04
Python开发工程师,中金智汇科技有限责任公司,北京-大兴区,1.5-3万/月,03-04
Python高级开发工程师,北京文泽智远信息技术有限公司,北京-海淀区,1.5-2万/月,03-04
CSIG16-地图众包python研发工程师,深圳市腾讯计算机系统有限公司,北京,面议,03-04
Python工程师,苏州深析智能科技有限公司天津分公司,异地招聘,1-1.5万/月,03-04
高级后端工程师（python/C++）,达观数据,北京,2-3万/月,03-04
Python开发工程师,北京爸爸的选择科技有限公司,北京-朝阳区,1.2-2.4万/月,03-04
数据处理（懂python）,文思海辉技术有限公司Pactera Tec...,北京,1-1.5万/月,03-04
Python工程师,中包物联网科技（北京）有限公司,北京,7-12万/年,03-04
高级Python开发工程师,奇虎360科技有限公司,北京,面议,03-04
Python开发工程师（数据）,北京迈普乐科技有限公司,北京-朝阳区,0.8-1.5万/月,03-04
python,北京远大创新科技有限公司,北京,1.2-1.7万/月,03-04
高级Linux工程师（c/c++ 、php、python）,北京安德信业信息咨询有限责任公司,北京,30-55万/年,03-04
"Software Engineer  Python, Java, Cloud",贵州华芯通半导体技术有限公司,北京,1.5-2万/月,03-04
技术支持工程师（Python软件运维）,北京普瑞亿科科技有限公司,北京-海淀区,6-8千/月,03-04
Python算法工程师,深圳前海川谷信息技术有限公司,北京-朝阳区,1.5-2万/月,03-04
Python后端开发工程师,乐荐信息科技（北京）有限公司,北京-朝阳区,1.2-1.5万/月,03-04
Python 数据分析/人工智能讲师,北京网络职业学院,北京-房山区,1.8-2.5万/月,03-04
Python开发工程师（产品研发）,北京东方金信科技有限公司,北京-东城区,0.8-1.5万/月,03-04
Python开发工程师,北京缔联科技有限公司,北京-海淀区,1-1.5万/月,03-04
Python高级开发工程师,数据堂（北京）科技股份有限公司,北京-海淀区,1.5-2.5万/月,03-04
Python开发工程师,中国广视索福瑞媒介研究有限责任公司,北京-朝阳区,1.5-2万/月,03-04
软件开发工程师 （Python方向）(001631),北京辰安科技股份有限公司,北京,1.5-2.5万/月,03-04
python软件工程师,北京经纬恒润科技有限公司,北京-海淀区,1-1.5万/月,03-04
Python高级开发工程师,北京棣南新宇科技有限公司,北京-海淀区,1.5-2万/月,03-04
Python开发工程师,中国人民解放军军事科学院军事科学...,北京-海淀区,1-1.4万/月,03-04
Python开发工程师,北京魔门塔科技有限公司,北京,面议,03-04
python 工程师 （爬虫方向）,北京神州新桥科技有限公司,北京-海淀区,1-1.5万/月,03-04
Python(外派中国移动),南京绛门信息科技股份有限公司,北京-朝阳区,0.8-1.6万/月,03-04
c语言Go开发Java开发python开发,北京布路诺超链科技有限公司,北京-海淀区,2-2.5万/月,03-04
Python实习-机器学习方向,寰宇优才教育科技（北京）有限公司,北京-朝阳区,0.8-1万/月,03-04
Python开发工程师,北京斯普信信息技术有限公司,北京,1-1.5万/月,03-04
Python开发工程师,融捷教育科技有限公司,北京-海淀区,1.5-2万/月,03-04
Python开发工程师,博彦科技股份有限公司,北京,1-1.5万/月,03-04
AI项目Python软件工程师,上海高重信息科技有限公司,北京-海淀区,1-2万/月,03-04
Python高级开发工程师,叠云（北京）科技股份有限公司,北京,1.2-1.5万/月,03-04
Python工程师,中讯志远（武汉）科技有限公司,北京-朝阳区,1-1.5万/月,03-04
python开发工程师,杭州迪普科技股份有限公司,北京-海淀区,10-20万/年,03-04
Python开发工程师,融信在线（北京）教育科技有限公司,北京-丰台区,0.8-2万/月,03-04
Python高级开发工程师,北京多维视通技术有限公司,北京-海淀区,1.5-2.5万/月,03-04
Python讲师,北京书和翰林教育科技有限公司,北京-延庆区,0.8-2万/月,03-04
Python开发工程师4775,普信恒业科技发展（北京）有限公司,北京,2.5-3万/月,03-04
11215N-Python开发工程师,平安科技（深圳）有限公司,北京-朝阳区,30-40万/年,03-04
高德-Python开发专家,阿里巴巴集团,北京,面议,03-04
Senior Retail System Engineer(Python),绫致时装（天津）有限公司,北京-朝阳区,1.5-2万/月,03-04
高级/首席软件测试工程师-Python/Ruby/C/Perl/Shell,戴尔（中国）有限公司,北京,30-40万/年,03-04
Python开发工程师（IDC1xhy）,北京东方国信科技股份有限公司,北京,1.5-2.5万/月,03-04
ETL工程师/Python工程师,北京融英乐知科技有限公司,北京-西城区,1.5-1.9万/月,03-04
Python开发工程师 - 变现业务,字节跳动,北京,2.5-4万/月,03-03
Python开发工程师,上海德拓信息技术股份有限公司,北京-朝阳区,0.8-1.3万/月,03-03
Python高级开发工程师,北京布科思科技有限公司,北京-海淀区,1-2万/月,03-02
Python开发工程师,麦田春雪科贸（北京）有限公司,北京-朝阳区,1.5-2万/月,03-02
Python教学研发经理,北京八维研修学院,北京-海淀区,2-2.5万/月,03-02
Python web后端工程师,泰星达（北京）科技有限公司,北京-顺义区,0.8-1.5万/月,03-02
Python开发工程师,大连东软思维科技发展有限公司,北京-海淀区,1-1.5万/月,03-02
Python开发工程师,思百达物联网科技（北京）有限公司,北京-朝阳区,1-2万/月,03-02
Python开发工程师,瞬联软件科技（北京）有限公司 CI...,北京,1.2-2.4万/月,03-01
Python开发工程师,北京蓝汛通信技术有限责任公司,北京-朝阳区,1.5-2万/月,03-01
Python培训讲师,北京中公教育科技股份有限公司,北京,1-2万/月,03-01
Python开发工程师,北京兆维电子（集团）有限责任公司,北京-朝阳区,1.3-1.8万/月,03-01
Python开发工程师,南通东华软件有限公司,北京-西城区,0.8-1.5万/月,03-01
后台开发工程师（Python/C++）,上海清鹤科技股份有限公司,北京-昌平区,1.2-2万/月,03-01
python开发工程师(J11765),作业帮教育科技（北京）有限公司,北京-海淀区,2-4万/月,03-01
Python工程师-00225,紫光云技术有限公司,北京-海淀区,1.5-1.9万/月,03-01
python运维开发工程师,狐狸金服（北京）信息技术咨询有限...,北京-海淀区,2-3万/月,03-01
后端开发工程师（python方向）,北京慧图科技股份有限公司,北京-朝阳区,0.6-1.5万/月,03-01
python后端工程师,北京商高科技有限公司,北京-丰台区,1.5-2万/月,03-01
后端高级工程师（Python）,中建材信息技术股份有限公司,北京-海淀区,1.5-2.5万/月,03-01
Python高级开发工程师,北京中创信测科技股份有限公司,北京-海淀区,1.2-2.5万/月,03-01
Python中高级开发工程师,新浪微博,北京,2-3.5万/月,03-01
Python 开发工程师,北京华云星地通科技有限公司,北京-海淀区,1.5-2万/月,03-01
Python开发工程师,北京汉能光伏技术有限公司,北京-朝阳区,2.5-3万/月,02-28
编程教师（C++/Python/scratch）,北京爱提分博乐教育科技有限公司,北京-海淀区,0.6-1.5万/月,02-28
Python/JS混合安全工具开发工程师,北京永信至诚科技股份有限公司,北京-海淀区,1.5-2.5万/月,02-28
Python开发工程师,北京易诚互动网络技术有限公司,北京-顺义区,1-2万/月,02-28
Python开发工程师,彩讯科技股份有限公司,北京-东城区,0.8-1.5万/月,02-27
少儿编程讲师-Python方向,达内时代科技集团有限公司,北京-海淀区,1.5-2.5万/月,02-27
Python讲师,北京童程童美科技有限公司,北京-海淀区,2.5-3万/月,02-27
Python开发工程师,苏州闻道网络科技股份有限公司,北京-丰台区,1.3-2万/月,02-27
python 研发工程师,长安通信科技有限责任公司,北京-朝阳区,1-1.5万/月,02-27
Python工程师,北京联龙博通电子商务技术有限公司,北京-丰台区,1-1.5万/月,02-27
Python开发工程师,普天信息技术有限公司,北京,0.8-1.5万/月,02-26
Python后端高级开发工程师,武汉皮皮外语网络科技有限公司,北京-海淀区,1.5-2.5万/月,02-26
高级python开发工程师,北京中体骏彩信息技术有限公司,北京-朝阳区,1.5-2万/月,02-26
Python开发工程师,北京第三石信息技术有限公司,北京-朝阳区,1.5-3万/月,02-25
Python开发工程师,奔讯电子科技（北京）有限公司,北京-朝阳区,0.8-1.5万/月,02-25
Python就业指导老师(J10736),北京传智播客教育科技有限公司,北京-顺义区,1-1.5万/月,02-25
python助教,传智播客教育集团修正分校,北京-昌平区,10-15万/年,02-25
python后台项目经理,北京航空航天大学,北京,1.5-2万/月,02-24
Python开发工程师,网宿科技股份有限公司,北京-海淀区,1.5-2.5万/月,02-23
python web 开发工程师,中国电子科技集团公司第十五研究所...,北京-海淀区,0.8-1万/月,02-23
Python(RPA)实施开发工程师（软件）,上海艺赛旗软件股份有限公司,北京,0.7-1万/月,02-22
Python开发工程师,Symbio,北京-海淀区,1-1.5万/月,02-22
Python开发工程师(爬虫）-鼎富科技-战略产品创新,北京神州泰岳软件股份有限公司,北京-朝阳区,1.5-2万/月,02-21
Python工程师,新华书店总店,北京-西城区,0.7-1.4万/月,02-21
Python高级软件工程师,汇中泰德投资有限公司,北京,2.5-3.5万/月,02-20
招聘Python研发工程师一名,北京立方天地科技发展有限责任公司,北京-海淀区,1-1.5万/月,02-20
Python讲师,北京软峰时代科技有限公司,北京-昌平区,1-2万/月,02-20
Python语言开发工程师,北京信联云通科技有限责任公司,北京-朝阳区,0.8-1.2万/月,02-19
高级python开发工程师,北京天云智汇科技有限公司,北京-海淀区,2-3万/月,02-19
Python爬虫开发工程师,北京敏捷艾科数据技术有限公司,北京-朝阳区,0.6-1万/月,02-17
云平台开发工程师（JAVA、Python）,中科星图股份有限公司,北京-顺义区,1.5-3万/月,02-16
Python/Golang 工程师,图玛深维医疗科技（北京）有限公司,北京-朝阳区,1.5-2.5万/月,02-16
Python开发工程师,北京朗镜科技有限责任公司,北京-朝阳区,2-2.5万/月,02-13
医学研发中心--Python研发工程师,北京诺禾致源科技股份有限公司,北京-朝阳区,1-1.5万/月,02-13
数据研发工程师（JAVA/Python）,北京中知智慧科技有限公司,北京-海淀区,1-1.6万/月,02-11
Python讲师,北京智联友道科技有限公司,北京-海淀区,1.5-2万/月,02-11
高级python工程师,曙光信息产业股份有限公司,北京-海淀区,10-15万/年,02-06
Python高级研发工程师,北京好巧国际旅行社有限公司,北京,2-3.5万/月,02-01
Linux Python开发工程师,华睿泰科技（北京）有限公司,北京-海淀区,20-40万/年,01-31
Python开发工程师(面向2018届毕业生),江森自控（中国）投资有限公司,北京,0.8-1万/月,01-29
高级Python开发工程师,北京国双科技有限公司,北京,1.5-2万/月,01-29
python工程师,北京腾信软创科技股份有限公司,北京-顺义区,0.8-1.6万/月,01-28
软件开发与运维工程师（java、Python）,金风科技-风机单元-产品交付中心,北京-大兴区,1-1.5万/月,01-28
Python开发工程师,北京华云鼎新科技有限公司,北京,1.5-2万/月,01-25
Python后端研发工程师,北京江民新科技术有限公司,北京-海淀区,1-2万/月,01-25
python开发工程师,北京周同科技有限公司,北京-朝阳区,1.5-3万/月,01-25
Python高级开发工程师,Veeva Systems Inc,北京-朝阳区,2.5-3万/月,01-24
python服务端开发工程师,东软集团股份有限公司,北京-朝阳区,1-2.5万/月,01-23
Python开发工程师,易思奇汽车电子（上海）有限公司,北京,面议,01-22
Python高级开发工程师,北京云族佳科技有限公司,北京-大兴区,2-2.5万/月,01-21
Python高级开发工程师,北京合力东方咨询有限公司,北京-海淀区,40-60万/年,01-20
python开发-北京-04626,博彦科技股份有限公司,北京,0.8-1.5万/月,01-18
python工程师,国和瑞斯（北京）科技有限公司,北京-海淀区,1-1.5万/月,01-18
资深Python研发工程师,中科软科技股份有限公司,北京-朝阳区,2.5-3万/月,01-15
中级Python研发工程师,北京鼎驰信诚科技发展有限公司,北京-东城区,1.4-2万/月,01-14
Python高级研发工程师,北京从零到壹科技有限公司,北京-昌平区,1-2万/月,01-12
流程自动化解决方案经理,瑞银企业管理（中国）有限公司,异地招聘,面议,03-04
高级测试工程师,房天下,北京-丰台区,1.5-2.5万/月,03-04
高级数据分析/建模经理,蓝色光标-总部,北京-朝阳区,1.5-2万/月,03-04
技术支持工程师,上海领之飞物联网科技有限公司北京...,北京-朝阳区,0.7-1.2万/月,03-04
Senior Web developer（高级Web前端开发工程师）,富智康集团有限公司,北京-大兴区,1-3万/月,03-04
数据分析师,北京心聆教育科技有限公司,北京-海淀区,5-8千/月,03-04
ASIC设计工程师,北京赛方德驰科技有限公司,北京,1.5-4万/月,03-04
运营分析师,神策网络科技（北京）有限公司,北京-海淀区,1.5-2.5万/月,03-04
爬虫工程师,北京宏图远见科技有限公司,北京-海淀区,0.8-1万/月,03-04
高级软件工程师（亦庄）,北京优航机电技术有限公司,北京-大兴区,2-3.5万/月,03-04
数据分析师,北京思麦博文化传播有限公司,北京-海淀区,0.6-1万/月,03-04
高级系统运维工程师(J10469),北京环球国广媒体科技有限公司,北京,1.5-2万/月,03-04
IT系统工程师,东方口岸科技有限公司,北京-海淀区,0.6-1.2万/月,03-04
算法实习生,51Talk无忧英语深圳技术产品中心,北京-海淀区,3-4.5千/月,03-04
数据分析师,上海慧连信息技术有限公司,北京-朝阳区,0.8-1.5万/月,03-04
测试工程师,游瑞世纪（北京）管理咨询有限公司,北京-海淀区,1.5-2.3万/月,03-04
前端开发工程师,北京时代数维科技有限公司,北京-海淀区,0.8-1.2万/月,03-04
大数据研发工程师,“前程无忧”51job.com（上海）,上海,面议,03-04
Python开发/深度学习,上海凯融信息科技有限公司,上海-普陀区,0.7-1.5万/月,03-04
Python开发工程师,大连东软思维科技发展有限公司,上海-闵行区,1.1-1.7万/月,03-04
Python 开发工作,上海领旗信息科技有限公司,上海-浦东新区,1-1.5万/月,03-04
python软件开发工程师,和同软件科技（上海）有限公司,上海-静安区,1-1.5万/月,03-04
Python高级开发工程师,络鬓科技（上海）有限公司,上海-静安区,1.5-2.5万/月,03-04
vEPC开发人员（Java、python）,亚创（上海）工程技术有限公司,上海-长宁区,1.5-2万/月,03-04
Python开发工程师,上海天泰网络技术有限公司,上海,0.8-1.6万/月,03-04
生物信息工程师（python）,上海伯豪生物技术有限公司,上海-浦东新区,0.8-1.5万/月,03-04
Python开发工程师,全美测评软件系统（北京）有限公司,上海-浦东新区,1-1.5万/月,03-04
后台开发工程师(python),上海纳思软件有限公司,上海-长宁区,1.2-2万/月,03-04
金融数据分析和机器学习(python),上海携宁计算机科技股份有限公司,上海-徐汇区,0.8-1.2万/月,03-04
python高级研发工程师,壹沓科技（上海）有限公司,上海-静安区,1.5-2万/月,03-04
python高级开发工程师( 机器学习方向),上海银橙文化传媒股份有限公司,上海-徐汇区,2-2.5万/月,03-04
Python开发工程师,上海置天信息技术有限公司,上海,1-1.5万/月,03-04
Python工程师,上海恩梯梯数据晋恒软件有限公司,上海-浦东新区,0.8-1.6万/月,03-04
Python开发工程师,上海驿氪信息科技有限公司,上海-闵行区,15-25万/年,03-04
25923-Python高级工程师,深圳市腾讯计算机系统有限公司,上海,面议,03-04
Python 开发工程师,乐鑫信息科技（上海）股份有限公司,上海-浦东新区,1.5-3万/月,03-04
Python后端研发工程师,上海欧普泰科技创业股份有限公司,上海-普陀区,1-1.5万/月,03-04
Python开发工程师,深圳市紫川软件有限公司,上海-浦东新区,1-1.5万/月,03-04
Python开发工程师(金融科技),交银企业管理服务（上海）有限公司...,上海-徐汇区,1-2万/月,03-04
Python后端研发工程师,上海斗象信息科技有限公司,上海-浦东新区,1-1.5万/月,03-04
python开发工程师,上海杰奕信息技术有限公司,上海-虹口区,0.8-2万/月,03-04
Python/Odoo高级开发工程师,上海企通软件有限公司,上海,1.5-2万/月,03-04
Python开发工程师,文思海辉金融,上海,1-1.5万/月,03-04
量化风控经理/风控建模经理/R/Python,墨智科技（深圳）有限公司,上海-徐汇区,1.5-2万/月,03-04
Python开发工程师,魔视智能科技（上海）有限公司,上海-浦东新区,1-2.5万/月,03-04
Python课程开发/ 授课,领翌（上海）科技有限公司,上海-浦东新区,0.8-1.6万/月,03-04
Python开发工程师,北京宏天信业信息技术股份有限公司...,上海-浦东新区,1-2万/月,03-04
Python开发工程师,上海云力信息技术有限公司,上海-浦东新区,1-2万/月,03-04
高级Python爬虫工程师,上海盈讯科技股份有限公司,上海-杨浦区,1-1.8万/月,03-04
Python开发工程师,苏州蜗牛数字科技股份有限公司,上海-徐汇区,1-1.5万/月,03-04
erlang/python服务器开发工程师,孤岛（上海）软件有限公司,上海-徐汇区,1.5-3.5万/月,03-04
Python开发工程师,上海熠格信息技术有限公司,上海-闵行区,0.8-1万/月,03-04
Python开发工程师,梅花网,上海,0.8-1.5万/月,03-04
Python软件工程师,上海数腾软件科技股份有限公司,上海,1-2万/月,03-04
Python开发工程师,久游网,上海-虹口区,面议,03-04
Python开发工程师,上海润迅商凯电话商务有限公司,上海-浦东新区,1.9-2.4万/月,03-04
Python工程师,上海曈皓信息科技有限公司,上海-普陀区,6-8千/月,03-04
python后端工程师,上海媒智科技有限公司,上海-徐汇区,1.2-1.5万/月,03-04
Python开发工程师,上海超米广告有限公司,上海-徐汇区,1.5-2.5万/月,03-04
Python软件开发工程师,威廉欧奈尔信息科技（上海）有限公司,上海-浦东新区,0.8-1.5万/月,03-04
Python开发工程师,康码（上海）生物科技有限公司,上海-浦东新区,0.7-1.4万/月,03-04
高级Python Web 开发工程师（上海）,乐荐信息科技（北京）有限公司,上海-浦东新区,1.5-2.5万/月,03-04
"数据开发分析-nodejs, Python",I.T（香港高级品牌服饰连销集团）,上海-黄浦区,0.8-1.2万/月,03-04
Python 课程研发员,上海傲梦网络科技有限公司,上海-长宁区,0.8-1万/月,03-04
Python开发（双休 项目好）,深圳市德科信息技术有限公司,上海-徐汇区,1.5-2万/月,03-04
Python高级开发工程师,上海百胜软件股份有限公司,上海-浦东新区,1.2-2万/月,03-04
Python高级开发工程师,上海奕见企业管理咨询有限公司,上海-黄浦区,1.5-2万/月,03-04
python/java软件工程师,上海铱芯信息科技有限公司,上海-浦东新区,1-1.5万/月,03-04
测试开发工程师（C++/python）,上海墨鹍数码科技有限公司,上海-浦东新区,1.3-2.5万/月,03-04
Python高级开发工程师,上海晶确科技有限公司,上海-静安区,0.8-1.6万/月,03-04
Senior Python Developer,平纳科（上海）信息咨询有限公司,上海-浦东新区,3-4万/月,03-04
Python开发工程师,上海小莫网络科技有限公司,上海-黄浦区,1-1.5万/月,03-04
Python开发工程师,爱思特信息技术（上海）有限公司,上海-徐汇区,2-3万/月,03-04
Python工程师,五维引力（上海）数据服务有限公司,上海-浦东新区,0.7-1万/月,03-04
Python开发工程师,北京海量数据技术股份有限公司,上海-浦东新区,1-1.6万/月,03-04
Python开发工程师,上海寰享网络科技有限公司,上海-长宁区,1-1.5万/月,03-04
Python开发工程师,上海晓联信息技术有限公司,上海-浦东新区,1-1.5万/月,03-04
Python开发工程师 (MJ001091),哔哩哔哩,上海-杨浦区,1-2万/月,03-04
Python软件工程师,上海华屹数码科技有限公司,上海-徐汇区,1-1.5万/月,03-04
Python开发工程师,上海固买供应链管理有限公司,上海-青浦区,0.8-1万/月,03-04
Python/Odoo开发工程师,上海美问信息科技有限公司,上海,0.6-1.6万/月,03-04
Python开发工程师,深圳市飞比电子科技有限公司,上海-浦东新区,0.8-1.6万/月,03-04
Python开发工程师,上海十维教育科技有限公司,上海-浦东新区,2-2.5万/月,03-04
Python工程师,上海浦东软件园汇智软件发展有限公司,上海,1.5-2万/月,03-04
自动化实施（shell/python）,北京中亦安图科技股份有限公司,上海,1-1.5万/月,03-04
Python开发工程师,上海量锐信息科技有限公司,上海-黄浦区,1.2-1.8万/月,03-04
Python开发工程师,塔塔信息技术（中国）股份有限公司,上海,1.5-2.5万/月,03-04
数据开发工程师（python爬虫方向）,创业伞投资有限公司,上海-杨浦区,0.7-1.3万/月,03-04
Python开发工程师,上海澜思信息科技有限公司,上海-静安区,1-2万/月,03-04
Python开发工程师,上海锦游网络技术有限公司,上海,1-1.5万/月,03-04
Python爬虫工程师,上海载和网络科技有限公司,上海-浦东新区,1-1.8万/月,03-04
Python开发工程师,众安在线财产保险股份有限公司,上海,1.8-2.8万/月,03-04
Python工程师,上海奥腾计算机科技有限公司,上海,1.5-2万/月,03-04
Python后端开发工程师,钛信（上海）信息科技有限公司,上海-浦东新区,1.2-1.5万/月,03-04
Python开发工程师,上海畅圣计算机科技有限公司,上海-杨浦区,1-1.5万/月,03-04
Python开发工程师,上海挚锦科技有限公司,上海-杨浦区,0.8-1.5万/月,03-04
测试开发工程师（Python）,赫里普（上海）信息科技有限公司,上海-浦东新区,0.7-1.1万/月,03-04
Python高级开发工程师,上海坤亿信息技术有限公司,上海-浦东新区,1.5-2万/月,03-04
资深Python研发工程师,上海史肯图信息技术有限公司,上海-宝山区,1-1.5万/月,03-04
python开发工程师,上海优似腾软件开发有限公司,上海-浦东新区,1.8-2.5万/月,03-04
Python/Odoo开发工程师,上海施佳化妆品有限公司,上海-闵行区,2.5-3万/月,03-04
python运维开发工程师,北京神州新桥科技有限公司,上海-浦东新区,1.5-2.5万/月,03-04
Python开发工程师,上海瓦杜信息技术有限公司,上海-徐汇区,1-1.5万/月,03-04
Python课程老师,妙小程,上海-徐汇区,6-8千/月,03-04
Python开发工程师（金融交易系统开发）,上海同梁智能科技有限公司,上海-杨浦区,6-8千/月,03-04
Python开发工程师,中申（上海）管道工程股份有限公司,上海-闵行区,1-1.5万/月,03-04
Python开发工程师(J10288),上海驻云信息科技有限公司,上海-浦东新区,1.2-1.8万/月,03-04
Software Engineer 软件工程师 (AI Python),澜起科技股份有限公司,上海-徐汇区,2-4万/月,03-04
Python工程师,上海绿谷泰坤堂投资有限公司,上海,1.5-2万/月,03-04
Python开发工程师,上海工业自动化仪表研究院有限公司,上海-徐汇区,0.6-1.2万/月,03-04
Python开发工程师,时代嘉道企业机构,上海-长宁区,1-1.5万/月,03-04
Python金融数据工程师,上海盈诺企业管理咨询有限公司,上海-浦东新区,2-2.5万/月,03-04
Python量化分析师（基金研究方向）,上海国时智能科技有限公司,上海-浦东新区,0.8-1.2万/月,03-04
Python,无锡超正软件有限公司,上海-浦东新区,1-1.5万/月,03-04
Python开发工程师,普元信息技术股份有限公司,上海-黄浦区,1.2-1.5万/月,03-04
Python自动化脚本开发工程师,上海汇实信息科技股份有限公司,上海,1.5-2万/月,03-04
Python开发工程师,上海贯信信息技术有限公司,上海-杨浦区,1-2万/月,03-04
python开发,上海宽睿信息科技有限责任公司,上海-浦东新区,0.8-2万/月,03-04
Python数据分析师,上海高重信息科技有限公司,上海-静安区,1-1.5万/月,03-04
Python开发工程师,上海天玑科技股份有限公司,上海,1.5-2.5万/月,03-04
Python开发工程师,上海天玑数据技术有限公司,上海,10-15万/年,03-04
服务端研发工程师-Python（万得子公司）,万得信息技术股份有限公司（Wind资...,上海-浦东新区,面议,03-04
全栈工程师（Python）,诺亚歌斐投资管理,上海-杨浦区,1.5-2.5万/月,03-04
Python高级开发工程师,上海言通网络科技有限公司,上海-浦东新区,0.8-1.4万/月,03-04
Python高级开发工程师（数据处理）,上海犀语科技有限公司,上海-杨浦区,1.5-2.5万/月,03-04
Python Developer,普华永道信息技术（上海）有限公司,上海-浦东新区,1.5-2.5万/月,03-04
Python高级开发工程师,上海彩虹鱼海洋科技股份有限公司,上海-徐汇区,0.6-3万/月,03-04
python自然语言处理工程师,车音智能科技有限公司,上海,1-2万/月,03-04
python开发工程师（初级）,上海点晟信息科技有限公司,上海-浦东新区,0.8-1.2万/月,03-04
python开发工程师（初级）,上海昶伴信息科技有限公司,上海-浦东新区,0.8-1.5万/月,03-04
1111FW-Python开发工程师,平安科技（深圳）有限公司,上海-浦东新区,1-1.5万/月,03-04
资深软件测试工程师（linux /python）,戴尔（中国）有限公司,上海-杨浦区,2-2.5万/月,03-04
NRF Developer - C/C++/GO/python 270696,Ericsson (China) Communications...,上海-长宁区,面议,03-04
Python图像工程师,上海兑观信息科技技术有限公司,上海-黄浦区,1-1.5万/月,03-04
Python数据分析师,上海普兰金融服务有限公司,上海,1.5-2万/月,03-04
Python开发工程师,上海云邻通信技术有限公司,上海-浦东新区,0.8-1万/月,03-04
Python数据分析/爬虫 工程师,上海魔曦广告传媒有限公司,上海-徐汇区,2-2.5万/月,03-04
Python开发工程师,上海泉涸信息科技有限公司,上海-浦东新区,1-1.5万/月,03-04
Python算法工程师,上海琻瑢信息科技有限公司,上海-浦东新区,1-1.5万/月,03-04
Python高级开发工程师,虎扑,上海,1.5-3万/月,03-03
Python开发工程师（SaaS）,上海合阔信息技术有限公司,上海,1.5-2.5万/月,03-03
python开发工程师,上海擎云物联网股份有限公司,上海-闵行区,6-8千/月,03-03
高级Python开发工程师 - -抖音上海,字节跳动,上海,2.5-5万/月,03-03
高级python开发工程师,达观数据,上海-浦东新区,2-3万/月,03-03
急聘Python编程教师,上海泺创机器人科技有限公司,上海-嘉定区,6-8千/月,03-03
Python开发工程师,上海易路软件有限公司,上海-闵行区,1.5-2万/月,03-03
python高级开发工程师（三年）,年享人力资源管理（上海）有限公司,上海-浦东新区,2-2.5万/月,03-03
Python开发工程师m,埃摩森网络科技（上海）有限公司,上海-闵行区,1.5-3万/月,03-03
Python开发工程师,麦田春雪科贸（北京）有限公司,异地招聘,1.5-2万/月,03-03
Software Engineer-Python/GO,Cisco 思科系统（中国）,上海-徐汇区,2-3万/月,03-03
Python Web 开发工程师,上海嘉柒网络科技有限公司,上海-普陀区,1.2-2万/月,03-03
Python后端开发工程师（AI人工智能方向）,上海意赋教育科技有限公司,上海-杨浦区,1-1.5万/月,03-03
python高级讲师,上海奉贤区八维宏烨培训学校,上海-奉贤区,1.5-2万/月,03-03
Python开发工程师,北京楷行管理咨询有限公司,上海-黄浦区,1-1.5万/月,03-03
Python开发工程师,上海诚勤刀具有限公司,上海-嘉定区,1-1.5万/月,03-02
Python开发工程师,上海云逐信息技术有限公司,上海-静安区,1-1.5万/月,03-02
Python开发工程师,极翼机器人（上海）有限公司,上海-浦东新区,1.5-2万/月,03-02
Python开发工程师,上海量加网络科技有限公司,上海-长宁区,1.2-2.1万/月,03-02
Python开发工程师,优刻得科技股份有限公司,上海,2-2.5万/月,03-02
Python开发工程师,上海德拓信息技术股份有限公司,上海-徐汇区,0.8-1.3万/月,03-02
软件开发工程师(Python),中国通信服务上海公司,上海-长宁区,2-2.5万/月,03-02
少儿编程讲师（Scratch，Python，C++）,上海小码王,上海-徐汇区,0.8-1.5万/月,03-02
高级Python软件工程师/Python构架师,上海靖奇投资管理有限公司,上海-徐汇区,2.5-3.3万/月,03-02
Python工程师,上海中路（集团）有限公司,上海,1.2-1.8万/月,03-01
Python开发工程师,上海优梦信息科技有限公司,上海-杨浦区,1-2万/月,03-01
高级Python/Django后端软件工程师,上海东方低碳科技产业股份有限公司,上海-长宁区,1.5-2万/月,03-01
python/数据开发,上海朋数信息科技有限公司,上海-虹口区,1-1.5万/月,03-01
高级python工程师,上海绿谷制药有限公司,上海-浦东新区,2-2.5万/月,03-01
Python开发工程师(双休）,深圳市德科信息技术有限公司,广州-天河区,0.8-1.2万/月,03-04
Python开发工程师,广州国交润万交通信息有限公司,广州,0.8-1.2万/月,03-04
Python中级工程师,云润大数据服务有限公司,广州-天河区,1-1.5万/月,03-04
python开发工程师,图创集团,广州-黄埔区,10-14万/年,03-04
Python开发工程师,赛业（广州）生物科技有限公司,广州,6-8千/月,03-04
Python开发工程师,联合星晨（广州）软件科技有限公司,广州-天河区,0.7-1.4万/月,03-04
Python应用工程师（业务系统方向）,广州逗号智能科技有限公司,广州-海珠区,1-1.8万/月,03-04
高级Python工程师,广州拼吧信息科技有限公司,广州-天河区,1.8-2.2万/月,03-04
Python高级开发工程师（员工宿舍）,广东嘉泰智能技术有限公司,异地招聘,0.8-1万/月,03-04
Python开发工程师,广东全彩科技有限公司,广州-天河区,0.7-1.2万/月,03-04
Python爬虫工程师,广东赛百威信息科技有限公司,广州-黄埔区,6-9千/月,03-04
Python爬虫开发工程师,广州金科企业征信有限公司,广州-天河区,0.6-1万/月,03-04
网络安全工程师(python开发）,广州市昊恒信息科技有限公司,异地招聘,1.5-2万/月,03-04
Python高级开发工程师,广州五舟科技股份有限公司,广州,1-1.5万/月,03-04
爬虫Python工程师,广东骆驼户外用品有限公司,广州-白云区,0.8-1万/月,03-04
Python数据处理开发工程师,广州算易软件科技有限公司,广州-海珠区,0.6-1万/月,03-04
Python/Django 开发工程师,时互康联健康科技（北京）有限公司...,广州-海珠区,1-2万/月,03-04
Python后台开发工程师,广州游爱网络技术有限公司,广州,7-9千/月,03-04
Python开发工程师,广州黑胡子游戏开发有限公司,广州-天河区,1-1.5万/月,03-04
Python爬虫工程师,Fordeal,广州-海珠区,1.5-3万/月,03-04
Python开发工程师,浩鲸云计算科技股份有限公司,广州-番禺区,1.2-1.8万/月,03-04
Python讲师,广州嘉为科技有限公司,广州-天河区,0.8-1.5万/月,03-04
Python开发工程师,广州国机智能电力科技有限公司,广州-黄埔区,0.9-1.5万/月,03-04
python工程师 python开发工程师,广州稻禾信息科技有限公司,广州-番禺区,0.8-1.5万/月,03-04
云平台 python 高级开发工程师,广东紫晶信息存储技术股份有限公司,广州-番禺区,1.5-2万/月,03-04
python web  开发工程师,乐荐信息科技（北京）有限公司,广州-天河区,1.2-1.5万/月,03-04
Python开发工程师,广州酷旅旅行社有限公司,广州,1-1.8万/月,03-04
Python 开发工程师,珠海轼域网络科技有限公司,珠海-香洲区,0.8-2万/月,03-04
python工程师,广州奕策贸易有限公司,广州-番禺区,5-7千/月,03-04
Python后端开发工程师,深圳先知大数据有限公司,东莞-东城区,0.8-1.5万/月,03-04
Python开发工程师,广州市云家居云科技有限公司,广州-番禺区,0.6-1万/月,03-04
Python高级开发工程师,颉一软件科技有限公司,广州-天河区,2.5-3万/月,03-04
c++/java/golang/python服务端转erlang,广州轩意网络科技有限公司,广州-天河区,1-2.3万/月,03-04
Python开发工程师,深圳车事易汽车科技服务有限公司,广州-番禺区,1.5-2万/月,03-04
Python工程师,静瞳海外投资顾问（深圳）有限公司,广州,1-2万/月,03-04
Python中级开发工程师,珠海永亚软件有限公司,珠海,0.8-1万/月,03-04
python工程师(人工智能方向）,广州云趣信息科技有限公司,广州-天河区,1-2万/月,03-04
Python开发高级工程师,广东众图互联网工程设计有限公司,佛山-南海区,0.8-1.5万/月,03-04
Python/人工智能算法工程师,广州市西美信息科技有限公司,广州,1-2.5万/月,03-04
Python开发工程师,广州宝巨信息技术有限公司,广州,0.6-1万/月,03-04
Python高级开发工程师,广州伟宏智能科技有限公司,广州-天河区,1-2万/月,03-04
Python机器学习工程师,广州佰锐网络科技有限公司,广州,1.2-2万/月,03-04
Python爬虫工程师,广州龙骐贸易有限公司,广州-白云区,0.8-1.5万/月,03-04
Python数据工程师,上海珑享商贸有限公司广州分公司,广州-海珠区,1.5-2万/月,03-04
Python后端软件web开发（数湖）,中科云智孵化器,东莞,0.8-1.2万/月,03-04
Python开发工程师,珠海国芯云科技有限公司,珠海-香洲区,0.8-1.5万/月,03-04
python开发工程师（东莞）,深圳泽派信息技术有限公司,东莞-南城区,4.5-8千/月,03-04
python数据分析师/讲师,上海万米网络科技有限公司广州分公司,广州-天河区,0.8-1万/月,03-04
Python高级开发工程师,江门驰铭体育有限公司,江门,0.8-1万/月,03-04
Python高级工程师/工程师,海南君莱药业有限公司,广州,1.2-1.8万/月,03-04
Python开发工程师,云舟生物科技（广州）有限公司,广州-黄埔区,0.7-1万/月,03-04
Python开发工程师,佛山市顺德区思翔网络科技有限公司,广州-天河区,1.2-1.8万/月,03-04
图像算法工程师(python),广东奥普特科技股份有限公司,东莞-长安镇,1-1.5万/月,03-04
手游服务端开发工程师（Python）,网易集团,广州-天河区,1.5-2万/月,03-04
python Web开发,广州云晫信息科技有限公司,广州-番禺区,0.8-1.5万/月,03-04
Python开发工程师,广州连元信息科技有限公司,广州-天河区,1-1.3万/月,03-04
初级产品开发工程师（java/python）,金财互联数据服务有限公司,广州,0.6-1万/月,03-03
运维开发/Python开发工程师,深圳市心云科技有限公司,广州-天河区,1-2万/月,03-03
Python语言技术助理（双休+餐补）,西安禾沐广告文化传播有限公司,佛山,4.5-6千/月,03-03
Python高级开发工程师,珠海市同海科技股份有限公司,珠海,1-1.5万/月,03-03
python开发组长(架构方向),广州回头车信息科技有限公司,广州-天河区,1.5-2.2万/月,03-03
实习生(前端&Python&Java&ASP.NET),广州云岫信息科技有限公司,广州-天河区,3-5千/月,03-03
Python开发工程师,麦田春雪科贸（北京）有限公司,异地招聘,1.5-2万/月,03-03
python 开发工程师,广州时时美电子商务有限公司,广州-荔湾区,0.6-1.2万/月,03-03
Python讲师,湖南潭州教育网络科技有限公司广州...,广州-天河区,5-9千/月,03-02
初级Python开发工程师,广州云印信息科技有限公司,广州-黄埔区,6-8千/月,03-02
Python老师,广州编辅侠教育科技有限公司,广州-白云区,6-8千/月,03-02
python研发工程师,广州非凡信息安全技术有限公司,异地招聘,0.7-1万/月,03-02
少儿编程老师（Scratch、Python、C语言）,广州学码教育科技有限公司,广州,0.8-1万/月,03-01
Python高级软件工程师,广州英荔教育科技有限公司,广州-天河区,1.5-2.5万/月,03-01
Python研发工程师,深圳市比量科技传媒有限公司,珠海,0.6-1.2万/月,03-01
python讲师,北京千锋互联科技有限公司广州分公司,广州-天河区,2-3万/月,03-01
YJ-高级Python后台开发工程师,东莞松山湖国际机器人研究院有限公司,东莞-松山湖区,1.5-3万/月,03-01
JAVA/Python 软件开发工程师,广东元韬企业管理咨询有限公司,广州-天河区,8-15万/年,03-01
Python高级开发工程师,广州天鹏计算机科技有限公司,广州-天河区,1-2万/月,03-01
Python Web后端开发,深圳市希仑科技有限公司,广州-天河区,0.8-1万/月,03-01
Python开发工程师,广东新源信息技术有限公司,广州-天河区,0.5-1万/月,03-01
Python培训讲师,大连东软睿道教育信息服务有限公司,广州-黄埔区,6-8千/月,03-01
Python高级工程师,广州德利信息科技有限公司,广州,1.5-2.4万/月,03-01
银行SAS/R/PYTHON数据分析挖掘建模岗,深圳市长亮科技股份有限公司,广州,0.8-1.8万/月,02-28
python开发工程师（高级）,广州锦行网络科技有限公司,广州-天河区,1.8-3万/月,02-28
Python高级开发工程师,广州西麦科技股份有限公司,广州,1.1-1.6万/月,02-28
Python Web全栈开发工程师,广东杉木药业有限公司,广州,0.8-1.5万/月,02-28
Python开发工程师,广州诚予国际市场信息研究有限公司,广州,0.5-1万/月,02-28
Python web工程师,广州穗通金融服务有限公司,广州-天河区,0.5-1万/月,02-28
Python开发工程师,广州市玄武无线科技股份有限公司,广州,1.5-2万/月,02-28
Python开发工程师,美亚商旅集团,广州-海珠区,0.6-1.2万/月,02-28
python工程师（机器学习方向）,玛姿宝（中国）有限公司,广州-番禺区,1.1-1.5万/月,02-28
Python工程师,广东优德科技有限公司,广州-海珠区,0.5-1万/月,02-27
Python开发工程师,广州趣丸网络科技有限公司,广州-天河区,2-2.5万/月,02-27
python开发工程师-远光研究院,远光软件股份有限公司,珠海,1-1.5万/月,02-27
Python开发工程师,南京华苏科技有限公司,广州,1.5-2万/月,02-27
PHP PYTHON 开发工程师,广州市广农数链信息科技有限公司,广州-天河区,13-18万/年,02-27
Python大数据开发工程师,广州百伦供应链科技有限公司,广州-天河区,1-1.6万/月,02-27
Python开发工程师,清华珠三角研究院,广州-黄埔区,1-1.5万/月,02-27
Python开发工程师,东莞币比科贸易有限公司,东莞-常平镇,6-8千/月,02-26
Python开发工程师,广州艾米会电子商务有限公司,广州-天河区,1.2-1.8万/月,02-26
Python全栈开发,广东中粤电力科技有限公司,广州-黄埔区,0.6-1.2万/月,02-26
python开发工程师（人工智能）,中移互联网有限公司,广州,15-40万/年,02-25
Python开发工程师（AI）,广州德亨信息技术有限公司,广州,0.8-1.2万/月,02-25
Python爬虫研发工程师,广州多益网络股份有限公司,广州-黄埔区,1-2万/月,02-25
Python开发工程师,深圳猎影商务信息咨询有限公司,异地招聘,1.5-2万/月,02-25
Python web讲师,传智播客教育集团广州分校,广州-天河区,2-3万/月,02-25
c++/python 主程,广州艾克斯曼网络科技有限公司,广州-天河区,1.5-2万/月,02-25
python开发工程师,广州市华誉电脑系统有限公司,广州-白云区,6-8千/月,02-25
Python实施开发工程师,上海艺赛旗软件股份有限公司,广州,0.7-1.2万/月,02-22
Python工程师,广东智信信息科技股份有限公司,潮州,0.6-1万/月,02-22
Python开发工程师,广州市鼎源信息技术有限公司,异地招聘,0.8-1万/月,02-22
Python开发工程师,广州市勒特米计算机科技发展有限公司,广州-天河区,6-8千/月,02-22
Python开发工程师,深圳优依购互娱科技有限公司广州分...,广州-天河区,0.6-1.2万/月,02-21
Python后台,恒拓开源信息科技股份有限公司广州...,广州-天河区,0.9-1.4万/月,02-21
软件开发工程师（python）,珠海市鸿瑞信息技术股份有限公司,珠海,4.5-6千/月,02-20
Python开发工程师,珠海卡菲信息技术有限公司,珠海-香洲区,0.6-1.2万/月,02-18
PYTHON课程老师,广州果壳里科技有限公司,广州-海珠区,0.7-1.2万/月,02-18
Python项目经理/教育集团,广州市达内软件职业培训学校,广州-黄埔区,0.8-1万/月,02-12
Java/Python高级工程师,中山市格兰仕生活电器制造有限公司,异地招聘,1.5-3万/月,02-12
Python 工程师,广州玄泰信息科技股份有限公司,广州-天河区,0.9-1.3万/月,02-11
python开发工程师,广州君和信息技术有限公司,广州-越秀区,0.5-1万/月,02-09
诚聘python培训讲师/教师,广州市越秀区培贤职业培训学校,广州-越秀区,0.6-1.2万/月,02-01
Python开发工程师,北京宝信科技有限公司,广州,1-1.5万/月,01-28
Go/Python语言开发工程师,广州市长寿村饮品（连锁）有限公司,广州-天河区,4-7千/月,01-21
Python开发工程师,惠州市天宇智能科技有限公司,惠州,5-8千/月,01-20
大数据开发/python工程师,广州品宜贸易有限公司,广州-天河区,20-30万/年,01-17
Python后端开发工程师 （情报中心）,华南智能机器人创新研究院,佛山,0.5-1万/月,01-14
后端开发工程师（python）,广州钛动科技有限公司,广州-天河区,0.8-1.5万/月,01-11
Python讲师(时间可协调，双休),广州圆方圆科技有限公司,广州-天河区,1-1.5万/月,01-09
WXG03-211 公众平台数据运营（广州）,深圳市腾讯计算机系统有限公司,广州,面议,03-04
流程自动化开发/Senior Developer,瑞银企业管理（中国）有限公司,异地招聘,面议,03-04
图像识别算法工程师,美的集团厨房电器事业部,佛山-顺德区,30-40万/年,03-04
.NET开发工程师,北京环球天辰信息咨询有限公司,广州-天河区,1-1.8万/月,03-04
NC服务顾问,东莞市致友软件科技有限公司,东莞,0.7-1.4万/月,03-04
IT运维工程师,广州人仁股信息科技有限公司,广州-白云区,5-8千/月,03-04
手游服务端主程序,广州芹菜信息科技有限公司,广州,2-3万/月,03-04
软件测试员,广州宇中网络科技有限公司,广州-天河区,0.8-1万/月,03-04
高级生物信息工程师,广州易锦生物技术有限公司,广州-黄埔区,0.7-1.5万/月,03-04
生物信息高级工程师,广州复能基因有限公司,广州,0.7-1.5万/月,03-04
生物信息工程师,广州市达瑞生物技术股份有限公司,广州,10-15万/年,03-04
软件测试工程师,广东联鼎检测科技有限公司,东莞,4.5-6千/月,03-04
PHP,珠海健康云科技有限公司,珠海,0.8-1.2万/月,03-04
数据安全工程师,博纳德集团,佛山-顺德区,1-2万/月,03-04
嵌入式测试工程师,广州市九安智能技术股份有限公司,广州-天河区,3.5-8千/月,03-04
技术经理（事业二部）,广东道一信息技术股份有限公司,广州-天河区,1.8-2.5万/月,03-04
大数据分析师/架构师,广东潮宏基实业股份有限公司,汕头,6-7千/月,03-04
Database Engineer,广州百德纳软件技术有限公司,广州-天河区,6-8千/月,03-04
PHP软件工程师,广州极酷物联智能科技有限公司,广州-黄埔区,0.8-1.5万/月,03-04
Engineer,深圳市心鉴智控科技有限公司,广州-黄埔区,1-1.5万/月,03-04
Golang 服务端游戏开发,广州鲸娱手游科技有限公司,广州-天河区,1-1.5万/月,03-04
ERP开发工程师,广州极飞科技有限公司,广州-天河区,0.6-1万/月,03-04
MES桌面平台研发架构师,广州赛意信息科技股份有限公司,佛山,2.5-3万/月,03-04
大数据开发工程师,广州市齐明软件科技有限公司,广州-黄埔区,1-1.5万/月,03-04
Python开发工程师,深圳前海联易融金融服务有限公司,异地招聘,1.3-2.5万/月,03-04
Python应用开发培训讲师,深圳八里教育科技有限公司,深圳-南山区,2-2.5万/月,03-04
Python高级开发工程师,深圳趣凡网络科技有限公司,深圳-南山区,1.5-2万/月,03-04
Python开发实习生/住房补贴,深圳市群芯科创电子有限公司,深圳-南山区,3-4.5千/月,03-04
python开发工程师,深圳市贝多分金融科技有限公司,深圳-福田区,1-2.5万/月,03-04
Python少儿编程开发,深圳礼德文化传播有限公司,深圳-福田区,0.8-1万/月,03-04
Python运维工程师,深圳市沃享科技有限公司,深圳-南山区,1-2万/月,03-04
Python开发工程师,深圳市丰巢科技有限公司,深圳-南山区,1.5-2万/月,03-04
python爬虫工程师,深圳市前海必胜道网络科技有限公司,深圳-龙华新区,1-1.5万/月,03-04
22989-腾讯云DNSPod域名服务PHP/Python开发工程师,深圳市腾讯计算机系统有限公司,深圳,面议,03-04
Python高级开发工程师（员工宿舍）,广东嘉泰智能技术有限公司,异地招聘,0.8-1万/月,03-04
Python开发工程师,上海速强信息技术股份有限公司,深圳,1-1.5万/月,03-04
Python 开发工程师,文思海辉技术有限公司Pactera Tec...,深圳,1.5-2万/月,03-04
Python开发工程师,深圳市安络科技有限公司,深圳,1-2万/月,03-04
高级Python工程师-B01,鹏城实验室,深圳-南山区,面议,03-04
Python爬虫工程师,深圳市合纵伟业科技有限公司,深圳-龙岗区,0.8-1.5万/月,03-04
Python开发工程师,深圳市伊欧乐科技有限公司,深圳-宝安区,1-1.5万/月,03-04
Python开发工程师,信必优(深圳)信息技术有限公司,深圳-罗湖区,1.3-1.8万/月,03-04
python语言后端程序员,深圳市天翼互联科技有限公司,深圳-南山区,0.8-1.5万/月,03-04
Python-初级爬虫,深圳市致力通电子有限公司,深圳-南山区,4-8.3千/月,03-04
Python开发工程师,深圳前海优管信息技术有限公司,深圳,1-1.5万/月,03-04
Python软件工程师,深圳市文言科技发展有限公司,深圳,5.5-7千/月,03-04
IT系统支持岗(Python/C#),深圳市联畅信息技术有限公司,深圳-福田区,1-1.5万/月,03-04
Python全栈工程师,深圳市天宇鸿通网络科技有限公司,深圳-南山区,1.5-3万/月,03-04
Python开发工程师-IGT,广州市利浚盛投资有限公司,深圳,25-40万/年,03-04
Python开发工程师助理/实习,前海驿迅（深圳）技术有限公司,深圳-南山区,5-9千/月,03-04
Python后台开发工程师,深圳市悦动天下科技有限公司,深圳-南山区,1.2-2.4万/月,03-04
Python工程师,深圳市思榕科技有限公司,深圳-龙华新区,1.4-2万/月,03-04
开发工程师/Python,爱克发感光器材（深圳）有限公司,深圳-南山区,1.5-2万/月,03-04
软件开发工程师（Python）,倚强（深圳）商业有限公司,深圳-罗湖区,6-9千/月,03-04
Python开发工程师,深圳市爱图仕影像器材有限公司,深圳-龙华新区,1.2-1.6万/月,03-04
Python高级开发工程师,深圳市亿天净化技术有限公司,深圳-南山区,0.7-1万/月,03-04
Python后端量化系统开发工程师,思力科（深圳）电子科技有限公司,深圳-南山区,2-4万/月,03-04
Python开发工程师,深圳昊汉科技有限公司,深圳-南山区,0.8-1万/月,03-04
Python开发工程师,深圳丝路天地电子商务有限公司,深圳-南山区,1.5-3万/月,03-04
Python讲师,北京千锋互联科技有限公司深圳分公司,深圳-宝安区,1.5-3万/月,03-04
Python开发工程师,深圳中青宝互动网络股份有限公司,深圳,0.7-1.2万/月,03-04
Python工程师（爬虫方向）,深圳市涌浪网络技术有限公司,深圳-南山区,15-20万/年,03-04
Python工程师（爬虫方向）+包住宿+周末双休+五险一金,深圳市中源航空服务有限公司,深圳,0.9-1.3万/月,03-04
python开发工程师,深圳市乐易网络股份有限公司,深圳-南山区,1-2万/月,03-04
Python开发工程师,北京四维智联科技有限公司,深圳-宝安区,1.5-2万/月,03-04
后台开发工程师(python),广州艾格文信息科技有限公司,深圳-龙华新区,1.2-2万/月,03-04
python开发工程师 （非实习）,深圳市飞虎互动娱乐有限公司,深圳-南山区,0.8-1.5万/月,03-04
Python工程师,静瞳海外投资顾问（深圳）有限公司,异地招聘,1-2万/月,03-04
Python开发工程师,深圳市瑞驰信息技术有限公司,深圳,0.8-2万/月,03-04
Python后端工程师,深圳市客路网络科技有限公司,深圳,1.3-2.5万/月,03-04
Python高级DevOps工程师,深圳市泽林软件技术有限公司,深圳-南山区,1.5-2.5万/月,03-04
Python高级开发工程师,深圳市竞数科技有限公司,深圳-南山区,1-1.5万/月,03-04
资深Python开发工程师,安吉康尔（深圳）科技有限公司,深圳-龙华新区,1.5-3万/月,03-04
Python开发工程师（odoo）,深圳市有芯电子有限公司,深圳,1.5-2.5万/月,03-04
Python 高级工程师,深圳领脉科技有限公司,深圳-龙岗区,2.5-4万/月,03-04
Python爬虫工程师,上海载和网络科技有限公司,深圳-龙岗区,1-1.5万/月,03-04
Python开发工程师（坂田）,深圳市光速度科技有限公司,深圳-龙岗区,6-9千/月,03-04
Python开发工程师,深圳市掌世界网络科技有限公司,深圳-罗湖区,0.6-1.2万/月,03-04
Python开发工程师,博彦科技承德有限公司,深圳-南山区,1-1.2万/月,03-04
Python开发工程师,深圳前海移联科技有限公司,深圳-南山区,1-1.5万/月,03-04
云创:中高级Python开发工程师,明源软件,深圳-南山区,1.6-2.5万/月,03-04
Python开发工程师,成都迈思信息技术有限公司,深圳,1-1.5万/月,03-04
Python工程师 （区块链方向）,深圳飞豹航天航空科技有限公司,深圳,1-1.5万/月,03-04
Python开发工程师,深圳优依购互娱科技有限公司,深圳-南山区,1-2万/月,03-04
Python 工程师,深圳前海壹互联科技投资有限公司,深圳-南山区,1-1.5万/月,03-04
高级软件工程师(Python),傲讯全通科技（深圳）有限公司,深圳-福田区,0.8-1.2万/月,03-04
Python开发工程师,深圳房讯通信息技术有限公司,深圳,1.5-2万/月,03-04
Python开发工程师,深圳朗安信息科技有限公司,深圳-南山区,1.5-2万/月,03-04
python攻城狮,深圳市一号平台商业生态圈投资管理...,深圳-福田区,1.8-3万/月,03-04
Python开发工程师,深圳市弘长科技有限公司,异地招聘,0.3-1万/月,03-04
Python开发工程师,深圳前海中移华捷投资管理有限公司,深圳-福田区,1-1.5万/月,03-04
Python开发工程师,深圳市盛凯信息科技有限公司,深圳-福田区,1-1.5万/月,03-04
Python工程师（爬虫方向）,深圳昂耐秀品电子商务有限公司,深圳-宝安区,0.7-1.2万/月,03-04
Python软件工程师,深圳市今天国际物流技术股份有限公司,深圳-罗湖区,1-2万/月,03-04
Python后台研发工程师,深圳德里克设备有限公司,深圳-南山区,3-5万/月,03-04
python开发工程师（深圳）,深圳泽派信息技术有限公司,深圳-南山区,4.5-8千/月,03-04
( [ python开发工程师 ] ),深圳市运维软件有限公司,深圳-南山区,4-8千/月,03-04
python开发工程师（前景好，双休）,深圳木星风暴科技有限公司,深圳-宝安区,4.5-8千/月,03-04
(急聘) python爬虫开发工程师,深圳讯腾软件技术有限公司,深圳-南山区,4.5-6千/月,03-04
Python开发工程师,深圳市易佰网络科技有限公司,深圳-龙岗区,0.8-1.4万/月,03-04
python开发工程师-赴微软,深圳市德梅寒科技有限公司,深圳-南山区,2-2.5万/月,03-04
高级Python后端工程师,深圳德聚企业管理咨询有限公司,深圳-南山区,2-4万/月,03-04
Python开发工程师,深圳市科比特航空科技有限公司,深圳-宝安区,1-2万/月,03-04
Python开发工程师,深圳市零壹移动互联系统有限公司,深圳-龙岗区,1.5-3万/月,03-04
python测试开发工程师,深圳达实信息技术有限公司,深圳-南山区,1-1.5万/月,03-04
Python开发工程师,宏兆集团,深圳-南山区,0.8-1.5万/月,03-04
软件测试工程师(测试python优先),深圳市德科信息技术有限公司,深圳-南山区,0.8-1.1万/月,03-04
图像算法工程师(python),广东奥普特科技股份有限公司,异地招聘,1-1.5万/月,03-04
112145-资深容器python开发,平安科技（深圳）有限公司,深圳-南山区,2.5-3万/月,03-04
python开发工程师,深圳翰飞网络科技有限公司,深圳-福田区,6-8千/月,03-04
python开发工程师,深圳市睿服科技有限公司,深圳-南山区,1.5-2万/月,03-04
Python工程师,深圳市凯利讯科技有限公司,深圳-福田区,0.6-1.2万/月,03-04
Python后台开发工程师,海南新浪爱问普惠科技有限公司,深圳,1.5-2.5万/月,03-04
python开发工程师,达观数据,深圳-南山区,1.5-2.5万/月,03-03
Python高级开发工程师,珠海市同海科技股份有限公司,异地招聘,1-1.5万/月,03-03
JAVA\Python 开发工程师,深圳市中大信科技有限公司,深圳-南山区,1-2万/月,03-03
Python开发工程师,麦田春雪科贸（北京）有限公司,异地招聘,1.5-2万/月,03-03
软件开发工程师(Python/Java)(006307),深圳华大基因科技有限公司,深圳-盐田区,20-30万/年,03-03
Python开发高级工程师,深圳市维度统计咨询股份有限公司,深圳-罗湖区,1.3-1.8万/月,03-03
Python开发工程师,广东盛迪嘉集团有限公司,深圳-南山区,2-2.5万/月,03-03
Python软件工程师,深圳市今日投资数据科技有限公司,深圳,2-3万/月,03-02
Python 运维,深圳市度点科技有限公司,深圳-宝安区,1-1.5万/月,03-02
python研发工程师,广州非凡信息安全技术有限公司,异地招聘,3-5千/月,03-02
Python开发工程师（赴平安科技）,上海微创软件股份有限公司,深圳,0.8-1.1万/月,03-02
Python工程师,深圳市腾逊展翼科技有限公司,深圳-龙岗区,1-1.5万/月,03-01
python讲师 python工程师,北京华清远见科技发展有限公司深圳...,深圳-龙华新区,1-1.5万/月,03-01
Python开发工程师,深圳市巴伦技术股份有限公司,深圳,0.8-1.2万/月,03-01
Python全栈工程师,深圳市力川华弘实业有限公司,深圳-南山区,1.8-3万/月,03-01
python后台开发,深圳纳实大数据技术有限公司,深圳-南山区,1-2.5万/月,03-01
python后端开发工程师,北京创新在线网络技术有限公司,深圳-福田区,0.9-1.8万/月,03-01
Python Developer,上海每联每信息技术有限公司大连分...,深圳-福田区,1-1.5万/月,03-01
Python开发工程师,深圳花果山科技有限公司,深圳,4-8千/月,03-01
Python开发工程师,深圳法通科技有限公司,深圳-龙华新区,4-8千/月,03-01
python讲师或者Go讲师,北京一天天教育科技有限公司,深圳-南山区,100元/小时,03-01
Python开发工程师,万科集团物业事业本部,深圳-福田区,2-3万/月,03-01
金微蓝--主管Python开发工程师,深圳市金证科技股份有限公司,深圳,1.5-2万/月,03-01
Python高级开发工程师,深圳市守卫者智能科技有限公司,深圳-南山区,1.4-2.3万/月,03-04
Python中级开发工程师,深圳市尚诚信息技术有限公司,深圳-福田区,1-1.5万/月,03-01
银行SAS/R/PYTHON数据分析挖掘建模岗,深圳市长亮科技股份有限公司,深圳,0.8-1.8万/月,02-28
Python开发工程师,深圳市海云天科技股份有限公司,深圳-南山区,0.8-1.5万/月,02-28
C++量化开发/python,深圳市华傲数据技术有限公司,深圳-南山区,1.5-3万/月,02-28
Python开发工程师,青牛智胜（深圳）科技有限公司,深圳-南山区,1.5-2.5万/月,02-28
Python开发工程师（渲染）,深圳市瑞云科技有限公司,深圳-南山区,7-9千/月,02-28
Python 研发工程师,深圳奇屏科技有限公司,深圳-福田区,0.8-1.5万/月,02-28
Python开发工程师,深圳华强聚丰电子科技有限公司,深圳-福田区,1.5-2万/月,02-28
python后台开发,前海泰坦科技（深圳）有限公司,深圳-福田区,1-2.5万/月,02-28
高级开发工程师（C++或Python）,深圳证券通信有限公司,深圳-南山区,1-1.5万/月,02-27
Python游戏后台开发,广州途游网络科技有限公司,深圳-南山区,1.5-3万/月,02-26
Python后端工程师,深圳市铱硙医疗科技有限公司,深圳-南山区,1-1.8万/月,02-26
python工程师-,安徽绿舟科技有限公司,深圳-南山区,1-1.7万/月,02-26
Python高级开发工程师,北京方圆众创网络科技有限公司,深圳-南山区,1-3万/月,02-26
Python证券业务,富途网络科技（深圳）有限公司,深圳-南山区,1.5-3万/月,02-25
Python软件开发工程师,深圳市有限元科技有限公司,深圳,0.8-1.6万/月,02-25
Python开发工程师,深圳猎影商务信息咨询有限公司,深圳-南山区,1.5-2万/月,02-25
Python开发工程师,奔讯电子科技（北京）有限公司,深圳-南山区,0.8-1.5万/月,02-25
Python高级开发工程师,深圳市龙华区天下互惠通讯部,深圳-龙华新区,1-2万/月,03-04
python数据分析开发,深圳哇哇鱼网络科技有限公司,深圳-南山区,1-2.5万/月,02-25
Python Process Expert,亚马逊中国,深圳,面议,02-24
RPA（python）软件售前工程师,上海艺赛旗软件股份有限公司,深圳,0.6-1万/月,02-24
Python高级开发工程师,深圳安美医疗健康产业有限公司,深圳-南山区,1.5-2万/月,02-23
Python开发工程师,深圳宝瓶互联网有限公司,深圳-南山区,1-1.5万/月,02-23
[SQR48]Python开发,睿思商业智能（深圳）有限公司,深圳-宝安区,0.8-1万/月,02-22
Python开发工程师,深圳启航创富互联网金融服务有限公司,深圳-南山区,0.8-1.5万/月,02-22
Python高级开发工程师—lf,深圳市博奥特科技有限公司,深圳-罗湖区,1.8-2.1万/月,02-22
Python爬虫脚本专员,深圳市邦德培训中心,深圳-福田区,0.7-1.5万/月,02-21
Python讲师,深圳前海杜威教育有限公司,深圳-宝安区,1-1.5万/月,02-21
Python高级开发工程师,深圳融安网络科技有限公司,深圳-南山区,1.5-3万/月,02-20
Python后端量化系统开发工程师,深圳派领科技有限公司,深圳-南山区,3-5万/月,02-19
Python开发工程师,深圳秀火网络科技有限公司,深圳-南山区,1-2万/月,02-19
python工程师,深圳市爱飞亿科技有限公司,深圳-龙岗区,1-1.5万/月,02-19
Python高级开发工程师,深圳市无极云互联网技术开发有限公司,深圳,2-3万/月,02-18
Python后端主程,深圳市正易龙科技有限公司,深圳-南山区,2-2.5万/月,02-18
Python课程运营实习生,风变科技（深圳）有限公司,深圳-南山区,3-4千/月,02-17
Python开发工程师,上海易宝软件有限公司深圳分公司,深圳,1.2-2万/月,02-16
Python工程师,苏州深析智能科技有限公司天津分公司,天津-静海区,1-2万/月,03-04
HDMap后台开发(C++/python),上海图趣信息科技有限公司（Wayz....,异地招聘,1-2万/月,03-04
Python开发工程师,麦田春雪科贸（北京）有限公司,异地招聘,1.5-2万/月,03-03
Python开发工程师-00185,紫光云技术有限公司,天津-滨海新区,1-1.5万/月,03-01
Python开发工程师,北京金色华勤数据服务有限公司,天津,1.5-2万/月,02-26
Python平台开发工程师,富士康科技集团CESBG事业群,天津-滨海新区,6-8千/月,02-17
深度学习算法工程师--C/python,天津华来科技有限公司,天津-南开区,0.8-2万/月,02-15
Perl/Python开发工程师,天津恩梯梯数据有限公司,天津,6-8千/月,02-12
PYTHON（ODOO）开发工程师,天津荣联汇智智能科技有限公司,天津-南开区,0.8-1.5万/月,01-26
python专职高级讲师,东方瑞通（天津）IT培训与服务中心,天津-南开区,0.8-1.5万/月,01-25
生物信息研究员(002718),天士力医药集团股份有限公司,天津,0.8-1.6万/月,03-04
算法工程师,天津天大求实电力新技术股份有限公司,天津,0.7-1.4万/月,03-04
机器视觉算法工程师,高新兴智联,天津-滨海新区,0.8-1万/月,03-04
算法工程师,天地伟业技术有限公司,天津,1-3万/月,03-04
高级数据分析师,天津市神州商龙科技股份有限公司,天津-南开区,1-1.5万/月,03-04
研究与合作中心-生物信息工程师（单细胞方向）,北京诺禾致源科技股份有限公司,天津-武清区,6-8千/月,03-04
算法工程师,天津市国瑞数码安全系统股份有限公司,天津,0.6-1.5万/月,03-04
Java开发工程师,天津中科汇智科技有限公司,天津,0.8-1.5万/月,03-04
WMS、MES软件工程师,天津埃尔途自动化科技有限公司,天津-西青区,0.8-1.6万/月,03-04
软件工程师,华商荣烨（天津）商贸有限公司,天津-西青区,3.5-4千/月,03-04
Collection Admin Specialist风控部行政专员,捷信消费金融有限公司,天津-红桥区,4.5-6千/月,03-04
PACK预研-BMS工程师(电池管理系统工程师),天津清源电动车辆有限责任公司,天津-滨海新区,0.5-1万/月,03-04
业务运维工程师（南京）(000997),中移（杭州）信息技术有限公司,异地招聘,1-2万/月,03-04
云检医学-数据挖掘工程师,浙江大学滨海产业技术研究院,天津-滨海新区,0.6-1.2万/月,03-04
图像算法工程师（AR视频）,中科维鑫（天津）科技有限公司,天津-东丽区,1.5-2万/月,03-04
软件测试工程师,北京点点企服信息科技有限公司,天津-东丽区,0.6-1.2万/月,03-04
产品测试工程师,天津维晟微科技有限公司,天津-滨海新区,0.8-1.5万/月,03-04
算法工程师,天津卓朗科技发展有限公司,天津,1-1.5万/月,03-04
软件测试工程师,中兴软件技术（南昌）有限公司,异地招聘,0.6-1.1万/月,03-04
算法工程师,上海正圆计算机科技有限公司,天津-滨海新区,1-2万/月,03-04
博士,恒银金融科技股份有限公司,天津,1.5-2万/月,03-04
急招招聘专员+8K,上海佩琪信息技术有限公司,天津,0.8-1万/月,03-04
测试工程师（天津）,谷川联行有限公司,天津-西青区,0.8-1万/月,03-04
软硬件工程师,天津耀通科技股份有限公司,天津,0.8-1万/月,03-04
linux软件工程师（中科爱思公司）,天津中科智能技术研究院有限公司,天津-东丽区,0.8-1.2万/月,03-04
高级QA工程师,莱科德信息科技（天津）有限公司,天津-滨海新区,1.5-2万/月,03-04
Linux运维工程师,哈尔滨敏典科技有限公司,异地招聘,1-3万/月,03-04
运维工程师,天津市远程医疗协会,天津-南开区,5-8千/月,03-04
互联网高级测试工程师,天津人瑞人力资源服务有限公司,天津-红桥区,1-2万/月,03-04
运维工程师,天津知柿信息科技有限公司,天津-南开区,6-8千/月,03-04
运维开发工程师,易视腾科技股份有限公司,天津,0.7-1.2万/月,03-04
自动化测试工程师(中级/高级/TL),Capgemini Japan K. K.凯捷日本,天津,1.5-2万/月,03-04
电气工程师助理实习生,SGS通标标准技术服务有限公司天津...,天津-滨海新区,2-2.5千/月,03-04
测试工程师,席勒（中国）医疗设备有限公司,天津,6-8千/月,03-04
数据挖掘及人工智能开发工程师,天津市网络技术研究所,天津-南开区,1-2万/月,03-04
车辆运动决策算法工程师,深圳市布谷鸟科技有限公司,天津-东丽区,1-2万/月,03-04
后台开发工程师,天津昌泰科技服务有限公司,天津-滨海新区,0.8-1万/月,03-04
高薪急聘音乐体育硕博写手团队自由撰稿人,武汉凌云天下网络科技有限公司,异地招聘,6-8千/月,03-04
数据分析专员,美克家居-美克美家/A.R.T/YVVY/ZEST,天津-滨海新区,1-1.5万/月,03-04
软件测试工程师,天津卓信达科技有限公司,天津-西青区,4-8千/月,03-04
Java开发工程师,北京中软国际信息技术有限公司,天津-南开区,0.8-1万/月,03-04
高薪招聘专员,铜陵佩物物流有限公司,天津,7-8千/月,03-04
C++开发工程师,北京中科大洋科技发展股份有限公司,天津,1-1.5万/月,03-04
AI机器视觉算法工程师,英韦尔（天津）工业控制技术有限公司,天津-西青区,1-1.5万/月,03-04
配置管理工程师,中电科技（北京）有限公司,天津-滨海新区,0.8-1.3万/月,03-04
研发经理（区块链方向）(J10595),天狮集团有限公司全球直销事业部,天津-武清区,1.5-2万/月,03-04
数据挖掘岗位,亚信软件CMC,天津-南开区,15-23万/年,03-04
运维工程师,康德曼（北京）互联网技术有限公司,天津-河西区,0.5-1万/月,03-03
高级大数据开发工程师,杭州三汇数字信息技术有限公司,天津-和平区,1-2万/月,03-03
算法工程师,中兴通讯股份有限公司,异地招聘,1-1.5万/月,03-03
高级前端工程师,天津美腾科技有限公司,天津-南开区,1-2万/月,03-03
车联网应用云服务开发工程师,华为技术有限公司,异地招聘,2-4万/月,03-03
急聘/机械/电气/通信/医学/写手,湖北天恒文化传媒有限公司,天津-南开区,2-2.5万/月,03-03
软件开发工程师（Java),Rudolph Technologies China,天津-南开区,1-1.5万/月,03-03
网络工程师,天津达因建材有限公司,天津-滨海新区,4-6千/月,03-02
中级渗透测试工程师,海南义立科技有限公司,异地招聘,0.9-2万/月,03-02
视觉算法工程师,嘉兴驭光光电科技有限公司,天津-滨海新区,1.5-3万/月,03-02
大数据方向-数据库工程师,北京思特奇信息技术股份有限公司,天津-西青区,0.8-1.5万/月,03-02
互联网方向-Java高级开发工程师,北京思特奇信息技术股份有限公司天...,天津-西青区,1-1.5万/月,03-02
软件测试工程师,天津天瞳威势电子科技有限公司,天津-南开区,0.8-1万/月,03-02
高级测试工程师（天津）,上海鲲驰贸易发展有限公司,异地招聘,0.8-1万/月,03-01
浮体工程师(Naval Architect/Marine Engineer),北京高泰深海技术有限公司,天津-滨海新区,0.8-1.2万/月,03-01
软件工程师（物联网事业部）,天津市滨海新区军民融合创新研究院,天津-滨海新区,0.6-1万/月,03-01
数据分析运营经理,未来电视有限公司,天津-东丽区,5-8千/月,03-01
生物信息工程师,中国医学科学院血液病医院（血液学...,天津-和平区,15-20万/年,03-01
Java开发工程师,南京途牛科技有限公司,天津,1-2万/月,03-01
GPU算法工程师,北京思腾合力科技有限公司,天津-武清区,20-30万/年,03-01
大数据讲师,大连东软睿道教育信息服务有限公司,天津,2-2.5万/月,03-01
算法部图像方向实习生,北京理工雷科电子信息技术有限公司,天津-东丽区,6-8千/月,03-01
服务器安全维护工程师,沃德（天津）营养保健品有限公司,天津-东丽区,0.8-1.3万/月,02-28
软件测试实习生,中国汽车技术研究中心数据资源中心,天津-东丽区,2-4千/月,02-28
测试员,谷山企业管理咨询（天津）有限公司,天津-西青区,3-4.5千/月,02-28
软件研发经理,依脉人工智能医疗科技（天津）有限...,天津-南开区,1-1.5万/月,02-27
Android开发工程师,常州高清信息技术有限公司,天津-西青区,1.5-2万/月,02-27
软件测试工程师,天津时代科技有限公司,天津-南开区,0.5-1万/月,02-27
高级测试工程师,天津鑫宝龙电梯集团有限公司,天津-西青区,0.9-1.2万/月,02-26
渗透测试工程师,天津开发区先特网络系统有限公司,天津-南开区,0.7-1.2万/月,02-25
大数据分析师,天津奥漫优悦科技有限公司,天津-西青区,1.5-2万/月,02-25
系统运维工程师,天津通卡智能网络科技股份有限公司,天津,6-8千/月,02-25
逆向工程师,无锡创新网网络安全股份有限公司,天津-河西区,6-8千/月,02-25
数据分析师（实习生岗）招在校生,天津朗辉医药科技发展有限公司,天津-和平区,100元/天,02-24
软件测试工程师(智能交通),浙江宇视科技有限公司,天津,0.8-1万/月,02-23
高级数据分析师,西安得人专猎企业管理咨询有限公司,异地招聘,40-70万/年,02-23
量化交易助理,宏源期货有限公司,天津-河西区,6-8千/月,02-23
高级软件开发工程师,天津传世科技有限公司,天津-滨海新区,0.8-1.5万/月,02-22
测试工程师(J10230),快助（天津）科技有限公司,天津-和平区,6-8千/月,02-21
Java开发工程师,天津岩石科技有限公司,天津-南开区,0.5-1.2万/月,02-21
System Engineer,英特尔（中国）有限公司,异地招聘,面议,02-21
新技术软件开发应届生,天津南开创元信息技术有限公司,天津,6-8千/月,02-18
AD and Windows Specialist,天津恩恩科技有限公司,天津-南开区,1-1.5万/月,02-18
软件开发主管-1800037885,渣打环球商业服务有限公司,天津,40-50万/年,02-15
系统集成（数据库）,合肥和顺信息科技有限公司,天津-东丽区,0.9-1.2万/月,02-14
信息技术部工程师/东方博康,国药控股天津有限公司,天津-和平区,3-6千/月,02-13
软件工程师,沈阳新松机器人自动化股份有限公司,天津,0.8-1万/月,02-13
测试工程师,宝牧科技（天津）有限公司,天津-南开区,0.6-1.4万/月,02-11
软件测试工程师,福高（天津）科技有限公司,天津,0.8-1.2万/月,02-02
工程师招聘启事,中国科学院新疆理化技术研究所,异地招聘,3-8千/月,02-02
软件管理工程师,曙光信息产业股份有限公司,异地招聘,1.3-2.5万/月,02-01
自动化测试工程师,上海华钦信息科技股份有限公司,天津-滨海新区,1-1.5万/月,02-01
Java开发工程师,苏州智铸通信科技股份有限公司,天津-西青区,1-1.5万/月,02-01
亚信安全_安全分析研究专家,亚信科技（成都）有限公司,天津,15-20万/年,01-31
高端自动化测试工程师,天地伟业技术有限公司,天津-西青区,1-2万/月,01-30
量化投资助理研究员(J11228),渤海证券股份有限公司,天津,6-8千/月,01-30
信息技术总部--软件开发工程师J11195,渤海汇金证券资产管理有限公司,天津-南开区,6-8千/月,01-30
Java开发工程师,厦门唐普信息技术有限公司,异地招聘,0.6-2.5万/月,01-29
生物信息工程师,万康源（天津）基因科技有限公司,天津-河西区,0.8-1.5万/月,01-26
"IC 设计工程师, IC 设计验证工程师",创意电子(南京)有限公司,异地招聘,1.2-2.4万/月,01-24
生物信息工程师,奥维森基因科技（天津）有限公司,天津-滨海新区,0.8-1.5万/月,01-24
平台研发工程师（应届）J10855,展讯通信（天津）有限公司,天津-滨海新区,0.8-1万/月,01-23
软件工程师,天津市海诺科技有限公司,天津,0.7-1.5万/月,01-21
前端开发工程师（TJ）,紫光云数科技有限公司,天津-滨海新区,1.5-2万/月,01-21
Systems Administrator,英特尔（中国）研究中心有限公司,异地招聘,面议,01-21
硬件研发工程师,英业达集团(天津)电子技术有限公司,天津-南开区,5-8千/月,01-17
大数据工程师,天津市拓甫网络科技开发有限公司,天津-北辰区,0.8-1.5万/月,01-15
人工智能工程师,北京中电普华信息技术有限公司,天津,1.5-3万/月,01-14
Network Engineer（Juniper）,上海每联每信息技术有限公司大连分...,天津,1-2.5万/月,01-11
信息安全研发工程师(Windows),安态诚科技（天津）有限公司,天津-河西区,0.6-1万/月,01-04
软件研发工程师(000407)（天津）,软件与服务中心,天津,面议,12-11
金融工程小组-量化策略开发实习生,一德期货有限公司,天津,1.5-2千/月,03-04
软件工程师,机器时代（北京）科技有限公司,天津-东丽区,2-3千/月,03-01
高级软件测试,软通动力信息技术（集团）有限公司,天津,0.8-1.5万/月,03-03
python高级讲师,东方瑞通（天津）IT培训与服务中心,天津-南开区,2000元/天,01-25
高级技术支持工程师,天津市国瑞数码安全系统股份有限公司,天津,7-9千/月,03-04
全栈软件工程师,苏州深析智能科技有限公司天津分公司,天津-静海区,1-2万/月,03-04
AI算法工程师,苏州深析智能科技有限公司天津分公司,天津-静海区,1.5-2.5万/月,03-04
后端开发工程师,天津天大求实电力新技术股份有限公司,天津,0.7-1.4万/月,03-04
研发工程师-大数据分析中心,天津天大求实电力新技术股份有限公司,天津,0.7-1.4万/月,03-04
Unity工程师,天津天大求实电力新技术股份有限公司,天津,0.6-1.2万/月,03-04
Online UW Manager风控策略经理,捷信消费金融有限公司,天津-和平区,1.5-2万/月,03-04
AI数据分析师,捷信消费金融有限公司,天津-和平区,0.8-1万/月,03-04
业务运维工程师（南昌）(000988),中移（杭州）信息技术有限公司,异地招聘,1-1.5万/月,03-04
网站开发工程师,浙江大学滨海产业技术研究院,天津-滨海新区,0.8-1.2万/月,03-04
图像算法工程师,中科维鑫（天津）科技有限公司,天津-东丽区,1.5-2万/月,03-04
运维工程师（系统方向）,天津卓朗科技发展有限公司,天津,6-8千/月,03-04
实施工程师,天津卓朗科技发展有限公司,天津,0.7-1.2万/月,03-04
算法工程师,天津卓朗科技发展有限公司,天津,1-1.5万/月,03-04
数据科学家,上海正圆计算机科技有限公司,天津-滨海新区,1-2万/月,03-04
数据工程师,上海正圆计算机科技有限公司,天津-滨海新区,0.8-1.5万/月,03-04
招聘专员/人事助理月薪8000,上海佩琪信息技术有限公司,天津,7-8千/月,03-04
研发工程师,天津耀通科技股份有限公司,天津,0.8-1万/月,03-04
